Type,Name,Request Count,Failure Count,Median Response Time,Average Response Time,Min Response Time,Max Response Time,Average Content Size,Requests/s,Failures/s,50%,66%,75%,80%,90%,95%,98%,99%,99.9%,99.99%,100%
GET,/test,4759,0,3,6.873082580374028,0,124,16.0,77.66982221146435,0.0,3,5,6,6,14,25,64,82,120,120,120
,Aggregated,4759,0,3,6.873082580374028,0,124,16.0,77.66982221146435,0.0,3,5,6,6,14,25,64,82,120,120,120
